,S-ZORB.FC_1203.PV,S-ZORB.PDI_2703A.PV,S-ZORB.PDT_1003.DACA,S-ZORB.TE_5202.PV,S-ZORB.LI_9102.DACA,Product_RON_loss
0,11.876378499999998,46.37773350000001,0.6150279999999999,35.8212405,38.5826835,1.3799999999999957
1,11.419075,44.57602899999999,0.617141175,35.0052475,28.822868,1.1799999999999926
2,11.5725925,47.904713,0.62286877,32.811400500000005,38.26308700000001,1.3799999999999957
3,11.734053499999998,47.8177505,0.62928335,35.001557500000004,52.806651,1.3799999999999957
4,11.673913000000002,38.4753175,7.5984859999999985,34.444425499999994,25.514756500000004,1.279999999999987
5,12.1417985,49.32038349999999,0.619588155,34.79041400000001,37.6115985,1.4099999999999966
6,11.850967,49.558322499999996,0.6031451349999999,34.327642000000004,51.5961425,1.200000000000017
7,11.3308145,45.854094,0.616436655,37.647401,25.9083495,1.3000000000000114
8,11.278023999999998,48.2686325,0.6103565549999999,36.02717249999999,48.75092899999999,1.1000000000000083
9,11.6863755,44.604726,0.6162326850000001,35.880012,33.923004500000005,1.4000000000000057
10,9.26609785,44.289892,0.6175864250000002,35.28426949999999,47.3295955,1.3000000000000114
11,9.441586949999998,44.888333,0.6262801899999999,35.59928700000001,27.198958500000003,1.3000000000000114
12,9.1072348,41.90170550000001,0.6337691900000001,34.997217000000006,39.44205049999999,1.5000000000000142
13,9.48024445,47.30051300000001,0.632156445,34.763355999999995,25.988783,1.4000000000000057
14,9.8266784,41.924655,0.6255016,35.131099500000005,41.849160999999995,1.7000000000000028
15,9.756952400000001,42.0294505,0.6305993999999999,35.01541050000001,33.596065,1.700000000000017
16,9.659373,47.598766,0.62852277,34.959014,53.9047365,1.1000000000000083
17,9.92792505,42.2537305,0.6368279,34.481404,57.63650550000001,1.5099999999999911
18,9.42624255,46.33968850000001,0.6286903049999999,35.8872635,18.2631235,1.1099999999999994
19,9.86371455,47.63809400000001,0.6290608749999999,35.55740950000001,30.704879600000005,1.2099999999999935
20,9.54780355,38.592696,0.623777555,33.408387,27.39602499999999,1.5099999999999911
21,9.9550253,45.36157300000001,0.63030287,34.12464249999999,17.34274285,1.0100000000000051
22,11.6759185,47.0915365,0.6319714550000001,36.7041105,51.1326705,1.6099999999999852
23,11.141931,43.79113149999999,0.6204596900000001,32.708213,41.31725300000001,1.4099999999999966
24,11.169282500000005,35.8392975,0.6205708050000001,37.121203,34.057925,1.4099999999999966
25,11.4799485,42.5815465,0.619792295,37.0127285,42.27995699999999,1.5100000000000051
26,10.808541499999999,39.875996,0.62783731,37.2343125,41.50443449999999,1.4099999999999966
27,11.1135165,43.889738,0.6226282500000001,35.81319250000001,22.6729015,1.1099999999999994
28,10.888229499999998,43.46883699999999,0.623406895,37.0601885,39.4349295,1.4099999999999966
29,11.539816000000002,41.88312850000001,0.627651985,37.645768,51.3180875,1.2099999999999935
30,11.0324605,46.63298850000001,0.6258167600000001,37.37186850000001,54.5662955,1.7099999999999935
31,11.334789500000001,38.5811245,0.6264285150000001,35.89674099999999,19.368479500000007,1.4099999999999966
32,11.3675705,47.42651099999999,0.620682,35.001093,15.5522915,1.1099999999999994
33,11.3340215,42.07354350000001,0.6162885699999999,35.113221,25.4776095,0.9099999999999966
34,11.631306500000004,45.3835425,0.628560095,35.175034000000004,48.3948155,1.1099999999999994
35,11.824947,43.71095749999999,0.6496929699999998,34.9365545,51.4172325,1.4099999999999966
36,11.3172385,40.9981605,0.624741595,36.283084,43.01872,1.3100000000000025
37,11.880009,44.40422549999999,0.6226842400000001,35.188926,15.207085500000002,1.309999999999988
38,11.841917499999996,46.195574500000006,0.6256686100000001,34.766045500000004,70.540692,1.2399999999999949
39,11.8986875,45.09447899999999,0.6215345699999999,35.41744600000001,63.6732895,1.4399999999999975
40,11.661728,46.06684900000001,8.6395509,34.52745400000001,66.11288950000001,1.5400000000000065
41,11.855490499999998,35.35923099999999,0.6183094250000002,34.92034500000001,25.1417495,1.2199999999999989
42,11.867737,46.2050465,0.6248528849999999,33.262543,53.427577,1.539999999999992
43,12.008705,39.0309005,0.6223317300000001,34.80721750000001,26.526718,1.4000000000000057
44,11.405432,43.863247,0.6135269750000001,34.907343999999995,58.772072,1.2000000000000028
45,11.3999415,48.378115,0.61018966,35.4741775,57.11320400000001,1.2000000000000028
46,11.747023,36.719016499999995,8.68304,34.5890825,64.286684,1.2999999999999972
47,11.624507000000001,45.3322545,0.25182319,36.7729895,31.153309000000004,1.2000000000000028
48,12.003968999999998,40.77990000000001,7.426495,34.964799500000005,46.689714,1.1000000000000083
49,12.0464185,37.47074050000001,5.60715285,34.9012245,40.89341149999999,1.0
50,12.272591499999995,44.8184815,-1.2541989,34.73040099999999,32.04950649999999,1.1799999999999926
51,11.440836999999998,46.6786015,-1.2568499000000002,34.156448,66.10526950000002,1.4000000000000057
52,12.316483,45.65548149999999,0.62355513,33.6994625,67.7521375,1.2000000000000028
53,11.765875999999995,42.811717,0.6253532249999999,37.54875699999999,46.7480965,1.2000000000000028
54,12.316909000000004,46.015193,8.56141555,37.26867899999999,39.086439500000004,1.2000000000000028
55,12.9089145,44.988040999999996,0.63456647,36.207029,23.1933465,1.4000000000000057
56,12.962071999999996,45.875522,0.628152345,36.54877200000001,28.286864,1.1000000000000083
57,12.783755500000002,42.66667750000001,0.6328425750000001,35.99152700000001,36.82899200000001,1.25
58,12.893979000000002,44.10612449999999,0.63412147,34.570090500000006,62.492525999999984,1.75
59,12.696587,48.55866600000001,0.6307475749999999,35.67269,40.89242849999999,1.1799999999999926
60,12.6001465,46.6456385,0.632526955,34.786687,69.8810065,1.6799999999999926
61,10.9655575,43.28242450000001,0.6389227649999999,35.94115850000001,61.12556650000001,1.7800000000000011
62,11.350336500000001,48.24505450000001,0.47864759999999995,35.752399,77.081379,1.5799999999999843
63,10.6068281,36.805829,0.47625636,36.3033185,20.6464025,1.5799999999999983
64,10.966935,39.11947650000001,0.4854693000000001,34.8543035,45.395473,1.0799999999999983
65,10.416086450000002,47.66699000000001,0.4868598050000001,37.163322,20.983450999999995,1.2800000000000011
66,10.7175455,49.880672,0.48015987,35.04445199999999,59.10782450000001,1.2800000000000011
67,10.880304,43.667959,0.483152235,37.12810250000001,65.85412249999999,1.3799999999999957
68,10.76397555,46.223342,0.481391245,36.74923149999999,54.151153,1.5799999999999983
69,11.131402499999998,45.969808500000006,0.48804636,36.879831,53.81245500000001,1.7800000000000011
70,10.624534849999998,45.56475749999999,0.4729192699999999,36.7896635,67.805753,1.779999999999987
71,10.664710000000001,47.409206,0.493903995,37.1619855,69.45013599999997,1.4799999999999898
72,12.4293665,39.06071950000001,0.495405515,37.1445525,24.09620300000001,1.4000000000000057
73,12.073070499999995,38.165998,0.4866373700000001,36.3029295,59.918264,1.2999999999999972
74,11.8745765,37.1393515,0.482967115,37.0849095,39.99745400000001,1.4000000000000057
75,11.3912655,45.9475465,0.4877497949999999,36.62471650000001,68.99092850000001,1.8000000000000114
76,11.805675500000001,44.22967149999999,0.4880462200000001,35.88203299999999,37.849724,1.4799999999999898
77,12.516158,36.709154,0.483208025,37.587775500000006,52.396534499999994,1.3799999999999957
78,12.551172,36.24417,0.48213255,37.62025000000001,84.15718299999997,1.6800000000000068
79,12.654869,44.95752499999999,0.4803718199999999,37.08643049999999,51.3769885,1.1799999999999926
80,12.1369695,40.3959485,0.4821326200000001,37.074562,64.87862299999999,0.9799999999999898
81,12.090124,39.683346500000006,0.4822068000000001,37.12914099999999,33.994907,1.5799999999999983
82,12.188233,47.062497,0.486174005,36.6128465,81.8488265,1.5799999999999983
83,12.190477499999998,40.530371,0.48702649,36.00781149999999,71.2051655,1.779999999999987
84,11.705888500000002,44.5998645,0.4890287999999999,35.9498355,42.15406900000001,1.1800000000000068
85,8.389131550000002,44.3540615,8.879573999999998,35.69264449999999,28.532147,1.4800000000000042
86,12.113868499999995,44.77165950000001,8.8371974,36.984039,27.755696999999998,0.9799999999999898
87,11.848569,40.999568,8.79083545,35.1706195,26.864896,1.1799999999999926
88,12.087667999999999,41.6430675,8.739431050000002,35.216057000000006,72.26847649999998,1.1799999999999926
89,11.8509355,48.887220000000006,8.8127465,35.518501,42.9527175,0.9799999999999898
90,12.346321499999998,43.275290500000004,8.778285199999997,36.379076500000004,47.6913995,1.5799999999999843
91,11.8527065,43.31789850000001,8.799492800000003,35.002151000000005,77.35989800000002,1.0799999999999983
92,12.214190499999996,34.106524,8.7687201,33.254754000000005,54.221498,1.3799999999999957
93,12.1761875,38.45452850000001,8.77589395,33.843266,66.759557,1.3000000000000114
94,11.941511,48.6081735,8.780380050000002,33.5845355,60.20750250000001,1.3000000000000114
95,11.9944205,45.4016105,8.635305599999999,33.9524815,38.20913850000001,1.1000000000000083
96,11.823468000000002,46.951882,8.718594899999998,34.2288855,82.75529800000002,1.2000000000000028
97,11.114008,47.8370205,8.58612555,33.44045200000001,32.908413,1.2000000000000028
98,12.075400476190474,45.449651428571435,8.788979523809523,33.227609047619055,54.55687857142856,1.2000000000000028
99,11.7153545,45.4600885,8.805516800000003,34.202664500000004,29.3796995,1.3000000000000114
100,12.058903999999998,44.36704300000001,8.74958935,36.3102545,52.44564250000001,1.7800000000000011
101,11.2905345,44.9512275,8.64750365,35.20923250000001,51.543398,1.1799999999999926
102,11.3307175,38.981924,8.710938600000002,33.82716950000001,57.853860499999996,1.2800000000000011
103,10.9626762,43.03097000000001,8.798695050000003,35.62391450000001,48.610317,1.0799999999999983
104,11.238911,46.3985305,8.679740399999998,34.581201,70.026608,1.3799999999999957
105,11.4580515,45.7220985,8.591743199999998,34.75885149999999,60.230368999999996,1.2800000000000011
106,11.762728999999998,45.67937299999999,8.4961819,35.8328895,80.22077950000002,1.6799999999999926
107,11.219008299999995,40.085079,7.9049104,37.14954199999999,25.930865000000004,1.6799999999999926
108,11.883106,47.55215999999999,8.472621,34.500730499999996,51.74920050000001,1.2800000000000011
109,11.270749499999999,44.51468,8.519557899999999,36.54710299999999,43.7964325,1.3000000000000114
110,11.082083,41.66508,8.543601150000002,35.2156495,84.1073485,1.200000000000017
111,12.208698750000002,44.730938,0.4969905275000001,34.92416725,59.24936975000001,1.4000000000000057
112,11.86216846153846,44.05997615384615,7.816620256410259,36.180669743589725,65.15355487179488,1.2000000000000028
113,11.674956249999996,44.31841825000001,8.582594449999998,36.688606,71.69524024999997,1.5799999999999983
114,11.579418749999995,47.48405850000001,8.611466799999997,35.10039700000001,51.575659,1.3000000000000114
115,10.4729498,42.345981,8.784680849999997,35.060959000000004,69.63291375,1.2399999999999949
116,11.168303000000002,35.74300275000001,8.740975600000002,35.32245124999999,49.66906949999999,1.2099999999999935
117,11.244492749999996,45.19148299999999,8.805600074999997,32.71392425,31.56267725,1.2099999999999935
118,11.315727249999998,45.95812275,8.774420199999998,36.1478575,25.92624725,1.1099999999999994
119,11.712118749999998,43.80585625000001,8.795626875,37.199448499999995,78.13090374999996,1.1000000000000083
120,11.276344425,45.71351274999999,8.80450685,37.07280000000001,62.10335625,1.5999999999999943
121,10.778547975,41.94344475000001,8.906768725,35.17692675,58.04181900000001,1.1000000000000083
122,11.203761200000002,43.93326025,8.88913035,36.54057325,52.38092725,1.2000000000000028
123,11.260033299999998,47.74711549999999,8.907639900000008,35.616227499999994,24.12202750000001,1.2000000000000028
124,11.397024,46.74559975,8.922265925000003,35.2308375,75.9244095,1.3000000000000114
125,11.196177775,35.56307675,8.967849800000002,35.923640999999996,43.122501749999984,1.0999999999999943
126,11.46013545,39.49929525000001,8.8430649,35.10060975,62.009107500000006,1.0999999999999943
127,10.9804351,42.981771,8.870713149999998,34.753352,30.052452500000005,1.0999999999999943
128,10.9260791,43.325485,8.88918575,35.16510175,52.25632900000002,0.9000000000000057
129,11.600520999999995,44.19302399999999,8.664084849999998,35.80200925,39.49389475,1.4000000000000057
130,11.231706,46.37966875,8.682548375000001,36.69214774999999,43.03922300000001,1.6000000000000083
131,11.074545174999995,43.66759375000001,8.807806574999997,34.65373275,65.4204245,1.5099999999999911
132,11.281896675,42.446188,8.84629,34.452483750000006,52.780566,1.3100000000000025
133,11.401852950000002,43.537504999999996,8.532886325,36.05855250000001,75.86290450000001,1.3100000000000025
134,10.976857825,44.75334675000001,8.749496725000002,35.58830700000001,43.25321975000002,1.8100000000000025
135,11.64065175,46.98356000000001,8.738253874999998,34.02328024999999,66.30256425,1.5099999999999911
136,10.889684225,46.68286399999999,8.655085225000002,36.91793249999999,59.38722075,1.5099999999999911
137,11.049004325,47.80270575000001,8.649273775000001,36.74707124999999,35.57404699999999,1.7099999999999935
138,10.964202375000005,38.46282,8.622033074999997,34.604141,59.84357124999998,0.8100000000000023
139,10.861101075,41.864919,8.782206075000001,37.01129275000001,83.75150450000002,1.4099999999999966
140,11.83879975,45.37998975000001,8.681797774999998,33.50138475,41.83528825000001,1.0
141,7.820692175,33.56986475000001,8.833202524999997,34.68358175,54.1383105,0.20000000000000284
142,10.250339774999997,36.22226650000001,8.831412125,33.737884,29.47387975,1.5100000000000051
143,11.022905975,44.463095,8.712931349999998,35.01074675000001,66.2517215,1.5099999999999911
144,10.66273915,43.14671499999999,8.689870949999996,37.64178125,75.18661949999998,1.2099999999999935
145,10.752274425,42.6186305,8.756726249999998,36.37261399999999,43.46466875,1.5
146,9.9798451,45.2953565,8.579415049999998,36.69789825000001,81.55531375000002,1.210000000000008
147,10.807673699999999,41.03268200000001,8.135980100000001,33.867346500000004,42.93166799999999,1.4000000000000057
148,9.874824099999998,43.03522225000001,8.24383135,36.31342500000001,46.78910000000001,1.8000000000000114
149,10.913112525,45.58007350000001,8.155045975,35.071122499999994,23.367972,1.1000000000000083
150,8.806969774999997,33.25658275,8.281768175,32.12719325,64.70063050000002,1.809999999999988
151,11.131402499999998,41.75785549999999,8.271726724999999,36.68257125,44.04990024999999,1.3200000000000074
152,11.131402499999998,43.9052815,8.2635367,36.02261075,47.656637,1.820000000000008
153,11.131402499999998,47.301731,4.678662025,33.83100724999999,30.032742500000005,1.4200000000000017
154,9.139464149999998,45.595159250000016,6.886572525,34.380405999999994,56.89098025,1.4200000000000017
155,12.506214749999998,36.95853375,8.292408499999997,32.4072435,69.04491450000002,1.3199999999999932
156,12.9403275,42.5844,8.227888900000002,34.16664725,84.59110049999998,1.4200000000000017
157,11.524923875,42.3996025,8.276188400000002,33.7256295,52.64676100000001,1.1200000000000043
158,11.8186916,39.64421500000001,8.265649725,31.50361225000001,54.790105000000004,1.220000000000013
159,12.586662999999998,42.20484875,8.049252675000002,34.63727225,58.58345374999999,1.0200000000000102
160,10.228202625000002,32.265660000000004,9.701989499999998,34.321903250000005,43.5686635,1.3100000000000025
161,8.568135950000002,38.88651600000001,9.737748175,33.41736350000001,55.49952125,1.2099999999999935
162,10.179890249999998,45.31271875,9.706781649999998,33.1534865,63.93434625,1.1400000000000006
163,9.944382899999999,42.30248274999999,9.72312665,33.980973,68.43054099999999,1.009999999999991
164,10.383849675,43.93810300000001,9.751359325,33.8221245,55.78920899999999,1.009999999999991
165,10.3859878,47.84216900000001,10.04882545,34.696688249999994,27.72229750000001,1.5100000000000051
166,10.1016471,47.26634725000001,9.72197275,36.630371,81.41441425000002,0.6099999999999852
167,10.202532725,48.16164624999999,9.777631649999998,35.75324275000001,55.46307075000001,1.009999999999991
168,9.831527349999998,38.48031275,9.6734343,36.546956,53.60335249999999,1.1099999999999994
169,10.081244174999998,44.27456524999999,9.6322096,34.60983924999998,67.61069350000001,0.980000000000004
170,9.74500595,41.876276000000004,9.628664574999997,34.93418549999999,32.11926325,0.9399999999999976
171,10.418748175,44.36744275,9.611493149999996,35.05777625,34.3469655,0.9200000000000016
172,10.34163715,48.28842050000001,9.648611025000003,33.5232705,43.358959999999996,1.7199999999999989
173,9.972941949999996,39.60368875000001,9.62254895,33.091100250000004,72.23207550000002,1.210000000000008
174,10.066014175,44.43316925000001,9.618223075,34.31582925,26.216837750000003,1.0400000000000065
175,9.925424324999998,42.87785525,9.543369125,33.233464500000004,32.59353899999999,1.1399999999999864
176,10.332518950000004,37.45556675,10.237457549999998,35.029967,54.628356,1.0400000000000065
177,10.42451805,40.496153250000006,9.6726112,36.91159974999999,84.81253199999998,1.1400000000000006
178,10.756120325,32.8267965,10.232166025,36.89749075,87.32437200000004,0.539999999999992
179,10.2738564,37.323378749999975,9.610734075,34.07601149999999,41.483351750000026,1.3399999999999892
180,10.207300250000003,38.3265905,9.626208274999996,31.683886749999992,52.951039,1.2399999999999949
181,10.927031824999998,41.146925,9.538535149999998,34.84621750000001,32.408440500000005,1.4399999999999975
182,10.696736675,33.75635575,10.7395225,32.476864500000005,30.0505415,1.0400000000000065
183,10.324205099999999,38.23340825,9.895599350000003,35.19359275,66.14440549999999,1.0400000000000065
184,8.166884899999998,44.93359349999999,9.203655725,34.22770149999999,42.42470875000001,0.4399999999999977
185,9.50004025,38.43163675,9.722439225,34.876461000000006,63.79419099999997,1.1399999999999864
186,8.038410424999999,46.76683750000001,8.869789499999998,36.57198125000001,26.47905475000001,1.1400000000000006
187,10.42104955,30.07197499999999,8.291334100000002,37.99143350000001,41.22117575,1.1400000000000006
188,8.459071999999999,50.78315799999999,4.684282925,36.76062900000001,49.95363325,1.3399999999999892
189,8.306962075000003,39.87916625000001,4.704716,34.77688900000001,27.337944499999992,0.9399999999999976
190,8.877607200000002,45.06058700000001,4.6837916,34.223778,73.26925449999997,1.3400000000000034
191,8.557585974999999,39.17299125000001,4.654502225,32.43243875,26.29487825,1.5099999999999911
192,12.134864249999998,35.65471799999999,4.695498424999999,32.43914125000001,19.492636000000005,1.5099999999999911
193,11.82186425,34.531439,4.665346749999999,31.85025,47.09893700000001,0.7099999999999937
194,12.63957125,35.52990175000001,4.713340449999999,33.56650850000001,83.750344,0.7100000000000078
195,12.186524,39.07156450000001,4.693412675,36.87442575,44.06399799999999,1.2099999999999935
196,12.406580499999995,36.71171275,4.639542750000001,34.592373249999994,65.11579425,1.009999999999991
197,12.3279745,39.08344225,4.668498325,37.1776,45.72884874999999,1.4099999999999966
198,11.8228345,38.68027175,4.658664150000001,33.34491499999999,28.03193325,1.1099999999999994
199,12.1798855,40.23182250000001,4.6376057999999984,34.410533,74.74857324999998,1.3100000000000025
200,12.366285250000002,41.717833,4.701912075000001,36.75397950000001,57.36902775,1.4099999999999966
201,12.12009925,43.827739750000006,4.6686095000000005,33.460612999999995,39.784811499999996,1.2099999999999935
202,11.98536575,39.851108,4.66041575,35.17593375000001,18.84895875,1.3100000000000025
203,12.070813,34.38469950000002,4.65770005,35.13946425,75.26243875000002,1.4099999999999966
204,12.05969325,40.3187745,4.670528150000001,35.55765074999999,60.55633825000001,1.4099999999999966
205,12.326517499999998,41.27850074999999,4.663956350000001,37.28052,31.163630250000004,1.309999999999988
206,12.581571250000005,39.54847725000001,4.674495425000001,33.356626,88.71756075000002,1.1099999999999994
207,12.46085425,39.6765555,4.651314024999999,34.00890725000001,61.8158595,1.4099999999999966
208,12.188435000000002,43.39652850000001,4.654317350000001,34.17629099999999,32.259288500000004,1.0100000000000051
209,8.521905199999999,38.54081974999999,4.629096575000001,33.65459125,84.25918275000002,1.009999999999991
210,12.400302,38.42933675,4.629351575,37.058344,58.279680249999984,1.1199999999999903
211,12.09878825,29.599548500000008,4.650090774999999,36.48561324999999,16.375246250000004,1.1200000000000043
212,11.8809325,44.46536175000001,-0.01188178875,31.51059475000001,76.74325100000001,1.1400000000000006
213,11.616267,32.67507125000001,-0.0199272547075,34.68566800000001,36.72304375,1.1400000000000006
214,11.5288855,36.4632635,-0.02037217839999999,33.834818,66.82987849999999,1.2199999999999989
215,11.72199625,35.98909125,-0.015746702749999997,32.74797525,53.210340000000016,1.2199999999999989
216,12.114508499999998,44.63243174999999,-0.023792516100000008,36.92289425000001,34.78356074999999,1.3199999999999932
217,11.727517250000002,43.3606775,9.50412985,37.54463100000001,22.01379075,1.2199999999999989
218,12.106505,32.57111475,9.471086825,31.941077750000005,16.639936,1.1200000000000043
219,12.492914,34.2881495,9.350185325,33.30685875000001,16.049795750000005,0.9200000000000016
220,11.486967999999996,55.0884155,9.136348275,33.1219885,36.39377025,1.2199999999999989
221,11.492288999999998,31.86663775000001,9.26947265,35.71493675,25.4790975,1.4200000000000017
222,11.295882,32.6261645,9.170028625,35.57837650000001,24.0871905,1.3200000000000074
223,11.273358250000005,33.793567749999994,8.973225474999996,33.72414725,72.32637299999998,1.019999999999996
224,11.941572500000005,43.25655075,9.458342000000002,31.532266,69.26514375000001,1.3200000000000074
225,11.582711,37.6081235,8.782632500000002,33.81777500000001,61.35358950000001,1.3200000000000074
226,11.761491500000005,33.47090225000001,8.747336925,38.1389555,48.87992775,1.3200000000000074
227,11.56309275,46.62040375,8.443989474999997,37.5408835,41.75949500000001,1.3200000000000074
228,11.63376225,36.720923249999984,8.407813774999997,35.91364524999999,34.489818,1.3200000000000074
229,12.04274475,41.6810285,9.320080149999997,35.30354699999999,24.06330174999999,1.3199999999999932
230,12.0489245,43.587621500000004,9.092486300000001,34.76896650000001,12.730228749999998,1.1099999999999994
231,11.115349499999999,42.65969774999999,8.9792421,33.340946,54.67221149999999,1.3400000000000034
232,11.101983250000005,42.87800424999999,8.963899125000003,33.318368,53.48321575,1.3000000000000114
233,11.088617249999995,43.09630925,8.948556100000003,33.29578975,52.29422,1.2000000000000028
234,11.068567999999999,43.423768,8.925541699999998,33.261923,50.510727,1.1000000000000083
235,11.05520175,43.64207325,8.9101986,33.23934475000001,49.32173175,1.1000000000000083
236,11.04183575,43.8603795,8.89485565,33.216766,48.13273625000001,1.1000000000000083
237,11.021786250000002,44.18783774999999,8.87184115,33.182899000000006,46.34924275,1.2000000000000028
238,11.008420250000002,44.4061435,8.856498225,33.16032075,45.1602475,1.2000000000000028
239,10.99505425,44.62444849999999,8.841155275,33.13774325,43.97125225,1.3000000000000114
240,10.975005,44.95190725,8.818140925,33.10387575,42.18775925,1.0
241,10.961639000000002,45.1702135,8.802797925,33.08129775,40.99876425,0.7000000000000028
242,10.948272,45.38852025,8.787455099999999,33.058719999999994,39.80976800000001,1.1000000000000083
243,10.942139575,40.99425300000001,0.017444542375000004,32.59959025,30.863645,1.1000000000000083
244,10.961448325,46.436208500000006,0.012467075150000005,34.26418824999999,56.46499375,1.3000000000000114
245,10.869687999999998,41.734196,0.003821138975,34.05856650000002,33.66186725,1.1000000000000083
246,11.468886125,44.58871425,0.01027974021775,32.96860375,65.7792135,1.2999999999999972
247,10.540232050000002,39.7884115,0.0070818571974999986,35.20389025000001,38.166048,1.200000000000017
248,10.563247049999998,46.89509875,0.0029575887125,36.7905425,47.75132049999999,1.3000000000000114
249,10.7998362,38.31513725,0.004227533947500001,34.68957275,47.20827025,1.2000000000000028
250,10.698312425000003,42.05035975,0.0069799834027499995,33.17953425,76.3139405,1.0999999999999943
251,11.506810175000005,43.3971735,0.0049473781449999995,35.57077500000001,69.99411725000002,1.3100000000000025
252,11.079330625,33.97821474999999,0.0031800132325000012,33.15477425,37.40165175,1.3100000000000025
253,11.049182275,30.2972715,-0.011362805999999998,34.696991000000004,53.725060000000006,1.2000000000000028
254,10.7993116,39.06362874999999,-0.0021219066975,33.98689275,46.46139,1.2000000000000028
255,11.375067,41.73653749999999,-0.008007524174999999,33.98163600000001,38.7241395,1.279999999999987
256,10.938580775000002,37.45229874999999,-0.0059312705,33.20481974999999,61.54091374999998,1.2199999999999989
257,10.875056649999998,39.62325125,-0.009592672502500002,34.770097250000006,44.3873345,1.2099999999999935
258,11.098450599999998,39.55434825000001,-0.010018851774999995,35.43801300000001,39.95854799999999,1.2199999999999989
259,10.9955478,32.76633325,-0.0020661082950000006,35.04247825,37.80162350000001,1.2099999999999935
260,11.16885375,43.36026149999999,0.001502540118,35.354103499999994,66.02123125,1.3100000000000025
261,11.419852300000002,45.90759675,-0.0011205982774999998,34.72361275000001,44.21943775,1.2399999999999949
262,11.623549075,38.377219249999975,0.008018308567499998,34.812566499999996,47.51161125,1.2399999999999949
263,10.2322965,39.12990749999999,0.0016944489749999999,33.38949425000001,54.38925,1.4399999999999975
264,11.658110825,40.409138,0.021031411901500003,31.769521500000003,57.54762474999999,0.7399999999999949
265,11.262736375,44.32027775,0.01813953756875,31.54720450000001,42.649194500000014,1.2399999999999949
266,11.498334125000005,39.27628175,0.007239704215000002,34.35410775000001,45.73580375,1.240000000000009
267,10.741446375,36.70198825,0.015034495925000004,34.243315249999995,36.99029425,1.3399999999999892
268,10.795254525,42.5815465,0.010882224886500005,34.68068799999999,61.47410750000002,1.3399999999999892
269,10.8686195,42.268639250000014,9.26732255,34.339679749999995,55.04271500000001,0.8399999999999892
270,10.853850999999999,40.416934999999995,8.793458274999999,32.885565,54.41884925000001,1.3400000000000034
271,11.232482450000004,43.63415049999999,10.127368075,34.737754249999995,53.40041699999999,1.3400000000000034
272,11.290834399999996,40.024346,10.089997225,34.4515095,40.27655975,1.2399999999999949
273,10.612889,43.79645124999999,9.180585825,35.06470550000001,57.98740650000001,1.3100000000000025
274,10.986115975,30.49438875000001,9.368138725,34.856113,63.94445525000001,1.3100000000000025
275,10.812484924999998,43.60678775000001,9.792767725000003,37.51735825,74.76220649999998,1.1000000000000083
276,10.802837474999995,40.06635950000001,9.061602900000002,35.218812,59.22048900000001,1.2800000000000011
277,11.092547699999999,46.86091375,10.28451125,36.708644,40.76672325,1.0499999999999972
278,11.384923850000005,43.24957725,10.273656499999996,36.774936,42.39855225000001,1.0799999999999983
279,11.23893245,33.68053475,9.484086,35.83093149999999,70.32735524999998,1.1500000000000057
280,11.242495375,38.46779875,8.383937325,34.66764175,55.5891135,1.1400000000000006
281,10.940556125000002,43.57278525000001,9.8221679,35.71569725000001,61.58793899999999,1.1399999999999864
282,11.63487925,45.61456575000001,8.912117924999997,37.11220925000001,65.527997,1.0400000000000065
283,11.131934750000005,42.09083125000001,8.9956532,36.95808775,63.43241425,1.1200000000000043
284,10.62899025,38.56709575000001,9.07918845,36.8039665,61.33683125,1.1200000000000043
285,9.874573600000002,33.281493,9.204491325,36.57278425,58.19345649999999,1.2999999999999972
286,9.371629075,29.757757,9.288026625,36.4186635,56.09787300000001,1.0799999999999983
287,8.8686846,42.5815465,9.37156185,36.264542999999996,54.0022905,1.1799999999999926
288,11.131402499999998,39.789148499999996,9.315482875,35.97764675000001,52.35847799999999,1.2800000000000011
289,7.717894275000001,40.60022874999999,9.236402149999998,37.12952174999999,60.39750375000001,1.1499999999999917
290,8.165742700000001,43.61654725000001,9.699477675,36.88610875000001,43.99512474999999,1.2499999999999858
291,7.81808665,41.86125324999999,9.694398325000002,34.68282125,54.12183074999998,0.6499999999999915
292,11.131402499999998,31.767314250000005,11.55647975,35.95118175,61.19724100000002,1.0799999999999983
293,10.771243150000002,40.51139275,11.281438499999998,34.97986775,72.21182925,1.1499999999999917
294,11.677559,34.138715000000005,11.367395750000002,34.942989999999995,44.337311499999984,1.25
295,11.249255075,39.87863924999999,11.167692249999998,34.98504224999999,44.84257325,1.0799999999999983
296,10.423349750000002,41.47288049999999,10.693410749999998,34.42108525,49.30926849999999,1.0799999999999983
297,9.41952125,31.712451,10.185697624999998,32.785409,45.58905275000002,1.200000000000017
298,10.3503895,40.61744875000001,10.77709775,33.25114775,74.207406,1.1499999999999917
299,10.640610874999998,27.12615225,10.333616499999998,32.87929625,63.24049325000002,1.2499999999999858
300,10.524916725,36.86581825,10.60640475,35.87313199999999,40.93968075000001,1.1499999999999917
301,10.345767025,41.6158025,9.7365064,32.48157374999999,64.10120275000001,1.25
302,10.537381599999998,35.583494249999994,10.70536675,37.8051505,60.43094349999999,1.6499999999999917
303,10.48137985,35.736165250000006,9.786511375,34.760249,48.94157700000001,1.0499999999999972
304,10.727327749999997,27.504400749999995,9.9283879,34.60081225,49.3154885,1.1799999999999926
305,11.044996725,41.15881025000001,9.69334165,36.54886325,45.63521475,1.0499999999999972
306,10.77597725,34.73639575,10.479126499999998,34.66870725,57.1373795,1.049999999999983
307,10.400172075000002,34.491031500000005,9.7739426,35.20398400000001,46.15138125,1.25
308,10.38555455,45.12417675,9.909007025,36.31186849999999,44.04545075,1.0799999999999983
309,10.2549281,43.47026100000001,9.175858825,37.54996100000001,43.217226,1.279999999999987
310,10.059418224999996,33.08281975000001,9.39392425,36.07416775,42.72804525,1.2399999999999949
311,10.159154699999998,34.07361125,9.286620125000002,37.16224425,41.43911024999998,1.1499999999999917
312,10.392266924999998,38.849515,9.259948475000002,35.71288124999999,59.93750874999999,1.2499999999999858
313,10.055433599999999,35.805075,9.168691125000004,35.578717499999996,49.28689575,1.1500000000000057
314,9.483602225,47.99309550000001,9.837122099999998,37.32344425,47.51671175,1.1500000000000057
315,10.624283625,39.08544974999999,9.786697900000002,36.31058125,51.24035799999999,1.1499999999999917
316,10.376812825,32.81780350000001,9.742488550000003,36.16033149999999,40.41079224999999,1.0499999999999972
317,10.182798149999998,41.93772625,9.711653549999998,36.33533550000001,40.86878000000001,1.25
318,10.1608921,38.568111,9.6925295,36.60602475,42.06406700000001,1.1499999999999917
319,10.1710509,51.20627525,9.657473024999998,35.25011525000001,69.97939550000001,1.25
320,10.381810625,42.38437524999999,9.632140275,34.33186249999999,42.91278924999999,1.1499999999999917
321,9.995659175000002,34.1750205,9.607235175,34.735130250000005,66.44945550000003,1.25
322,10.195086275,37.07637825000001,9.574361975000002,36.03723875000001,45.00716325000001,1.3499999999999943
323,10.412704225,36.43804074999999,9.433388350000003,35.15448,42.17335025000001,1.2800000000000011
324,9.855469174999998,37.70320125,9.39659285,37.795462,49.47389425,1.25
